location,unique_id
dairy,0.3824989789996346
drinks,0.20907938009156762
fruit,0.27337016099563655
spices,0.13505147991316124
